date,campaign_id,campaign_name,channel,source_medium,ad_group,creative_type,device,region,audience_segment,landing_page,funnel_stage,impressions,clicks,sessions,conversions,conversion_rate,cost_krw,revenue_krw,avg_order_value_krw,roas,bounce_rate,cart_adds,checkout_starts,signups,email_opt_ins,coupon_uses,returning_user_rate,quality_score,experiment_group
2026-01-01,CMP-2026-001,Spring_CVR_Boost,Paid_Search,google_cpc,Brand_Terms,Static_Image,Desktop,Seoul,Returning_Visitors,/pricing,Awareness,4200,122,95,5,5.26%,93940,180000,36000,1.92,50.64%,10,5,5,2,1,12%,6,Control
2026-01-02,CMP-2026-002,Remarketing_Checkout,Paid_Social,kakao_paid,Lookalike_1pct,Short_Video,Tablet,Daegu,Cart_Abandoners,/promo/spring,Consideration,4617,99,80,4,5%,65043,151724,37931,2.33,52.7%,9,5,4,2,1,17%,6,Control
2026-01-03,CMP-2026-003,Search_Brand_Core,Display,programmatic_cpm,New_Visitors,Carousel,Mobile,Gwangju,VIP_Customers,/checkout,Conversion,5034,126,105,7,6.67%,69804,279034,39862,4,52.06%,14,9,7,4,2,22%,7,Control
2026-01-04,CMP-2026-004,Social_Video_Launch,Direct,brand_direct,Retargeting_7d,Text_Search,Desktop,Gangwon,New_Prospects,/blog/cvr-guide,Retention,5451,155,133,9,6.77%,88505,376137,41793,4.25,53.62%,18,13,9,5,3,27%,7,Variant_A
2026-01-05,CMP-2026-005,Email_Nurture_Series,Paid_Social,meta_paid,Cart_Abandoners,Product_Feed,Tablet,Busan,High_Intent,/pricing,Awareness,5868,188,165,8,4.85%,133104,349792,43724,2.63,58.01%,20,10,11,7,1,32%,6,Variant_A
2026-01-06,CMP-2026-006,Affiliate_Review_Push,Email,newsletter_email,Loyalty_Members,Newsletter,Mobile,Daejeon,Price_Sensitive,/promo/spring,Consideration,6285,267,242,17,7.02%,161535,776135,45655,4.8,56.67%,31,18,18,6,4,37%,7,Variant_A
2026-01-07,CMP-2026-007,Display_Prospecting,Referral,review_blog_referral,Competitor_Terms,Native_Article,Desktop,Jeju,Dormant_Users,/checkout,Conversion,6702,261,243,20,8.23%,162342,951720,47586,5.86,56.68%,35,22,20,7,6,56%,8,Variant_B
2026-01-08,CMP-2026-008,Loyalty_Winback,Paid_Search,naver_cpc,Nonbrand_Generic,Static_Image,Tablet,Gyeonggi,Returning_Visitors,/blog/cvr-guide,Retention,7119,381,297,24,8.08%,338709,1188408,49517,3.51,58.59%,43,30,24,10,8,47%,8,Variant_B
2026-01-09,CMP-2026-009,Product_Demo_Trial,Organic_Search,google_organic,Product_Viewers,Short_Video,Mobile,Incheon,Cart_Abandoners,/pricing,Awareness,7536,347,279,16,5.73%,227632,823168,51448,3.62,49.98%,34,18,16,11,3,52%,7,Variant_B
2026-01-10,CMP-2026-010,Weekend_Flash_Sale,Affiliate,partner_affiliate,Promo_Seekers,Text_Search,Desktop,Ulsan,VIP_Customers,/promo/spring,Consideration,7953,143,119,9,7.56%,96239,480411,53379,4.99,49.12%,18,10,9,5,2,57%,8,Control
2026-01-11,CMP-2026-001,Spring_CVR_Boost,Paid_Search,naver_cpc,Brand_Terms,Product_Feed,Mobile,Seoul,New_Prospects,/promo/spring,Awareness,5570,181,155,11,7.1%,170140,443410,40310,2.61,51.46%,19,12,11,4,3,62%,6,Control
2026-01-12,CMP-2026-002,Remarketing_Checkout,Organic_Search,google_organic,Lookalike_1pct,Newsletter,Desktop,Daegu,High_Intent,/checkout,Consideration,5987,150,132,7,5.3%,106050,295687,42241,2.79,55.68%,15,11,10,4,2,13%,6,Control
2026-01-13,CMP-2026-003,Search_Brand_Core,Affiliate,partner_affiliate,New_Visitors,Native_Article,Tablet,Gwangju,Price_Sensitive,/blog/cvr-guide,Conversion,6404,183,166,12,7.23%,132492,530064,44172,4,54.68%,23,12,12,6,2,18%,7,Variant_A
2026-01-14,CMP-2026-004,Social_Video_Launch,Paid_Search,google_cpc,Retargeting_7d,Static_Image,Mobile,Gangwon,Dormant_Users,/pricing,Retention,6821,293,272,19,6.99%,290363,875957,46103,3.02,56.71%,37,21,19,11,4,37%,7,Variant_A
2026-01-15,CMP-2026-005,Email_Nurture_Series,Paid_Social,kakao_paid,Cart_Abandoners,Short_Video,Desktop,Busan,Returning_Visitors,/promo/spring,Awareness,7238,257,200,10,5%,225646,480340,48034,2.13,61.2%,25,16,11,9,3,28%,5,Variant_A
2026-01-16,CMP-2026-006,Affiliate_Review_Push,Display,programmatic_cpm,Loyalty_Members,Carousel,Tablet,Daejeon,Cart_Abandoners,/checkout,Consideration,7655,299,241,14,5.81%,231725,699510,49965,3.02,61.77%,27,19,15,6,5,33%,6,Variant_B
2026-01-17,CMP-2026-007,Display_Prospecting,Direct,brand_direct,Competitor_Terms,Text_Search,Mobile,Jeju,VIP_Customers,/blog/cvr-guide,Conversion,8072,343,285,21,7.37%,271656,1089816,51896,4.01,47.68%,38,21,21,8,4,38%,7,Variant_B
2026-01-18,CMP-2026-008,Loyalty_Winback,Paid_Social,meta_paid,Nonbrand_Generic,Product_Feed,Desktop,Gyeonggi,New_Prospects,/pricing,Retention,8489,390,333,25,7.51%,362310,1345675,53827,3.71,49.19%,46,27,25,11,6,43%,8,Variant_B
2026-01-19,CMP-2026-009,Product_Demo_Trial,Email,newsletter_email,Product_Viewers,Native_Article,Tablet,Incheon,High_Intent,/promo/spring,Awareness,8906,223,196,14,7.14%,184198,780612,55758,4.24,51.4%,27,17,14,8,4,48%,7,Control
2026-01-20,CMP-2026-010,Weekend_Flash_Sale,Referral,review_blog_referral,Promo_Seekers,Static_Image,Mobile,Ulsan,Price_Sensitive,/checkout,Consideration,9323,200,181,12,6.63%,168600,692268,57689,4.11,53.82%,25,18,12,8,4,53%,7,Control
2026-01-21,CMP-2026-001,Spring_CVR_Boost,Paid_Social,meta_paid,Brand_Terms,Short_Video,Tablet,Seoul,Dormant_Users,/checkout,Awareness,6940,173,161,10,6.21%,169540,446200,44620,2.63,56.11%,19,10,10,4,2,72%,6,Control
2026-01-22,CMP-2026-002,Remarketing_Checkout,Email,newsletter_email,Lookalike_1pct,Carousel,Mobile,Daegu,Returning_Visitors,/blog/cvr-guide,Consideration,7357,261,204,17,8.33%,228897,791367,46551,3.46,54.84%,29,17,17,6,4,63%,8,Variant_A
2026-01-23,CMP-2026-003,Search_Brand_Core,Referral,review_blog_referral,New_Visitors,Text_Search,Desktop,Gwangju,Cart_Abandoners,/pricing,Conversion,7774,249,200,14,7%,222606,678748,48482,3.05,58.4%,27,17,14,7,4,14%,7,Variant_A
2026-01-24,CMP-2026-004,Social_Video_Launch,Paid_Search,naver_cpc,Retargeting_7d,Product_Feed,Tablet,Gangwon,VIP_Customers,/promo/spring,Retention,8191,381,316,22,6.96%,442341,1109086,50413,2.51,60.16%,43,30,24,12,7,19%,5,Variant_A
2026-01-25,CMP-2026-005,Email_Nurture_Series,Organic_Search,google_organic,Cart_Abandoners,Newsletter,Mobile,Busan,New_Prospects,/checkout,Awareness,8608,336,287,12,4.18%,311808,628128,52344,2.01,52.15%,33,17,13,13,2,24%,6,Variant_B
2026-01-26,CMP-2026-006,Affiliate_Review_Push,Affiliate,partner_affiliate,Loyalty_Members,Native_Article,Desktop,Daejeon,High_Intent,/blog/cvr-guide,Conversion,9025,384,338,28,8.28%,362880,1519700,54275,4.19,48.11%,47,28,28,8,6,29%,8,Variant_B
2026-01-27,CMP-2026-007,Display_Prospecting,Paid_Search,google_cpc,Competitor_Terms,Static_Image,Tablet,Jeju,Price_Sensitive,/pricing,Retention,9442,538,487,37,7.6%,652056,2079622,56206,3.19,50.76%,66,42,37,14,10,34%,8,Variant_B
2026-01-28,CMP-2026-008,Loyalty_Winback,Paid_Social,kakao_paid,Nonbrand_Generic,Carousel,Mobile,Gyeonggi,Dormant_Users,/promo/spring,Awareness,9859,177,165,8,4.85%,194523,465096,58137,2.39,56.31%,18,13,10,6,3,53%,6,Control
2026-01-29,CMP-2026-009,Product_Demo_Trial,Display,programmatic_cpm,Product_Viewers,Text_Search,Desktop,Incheon,Returning_Visitors,/checkout,Consideration,10276,221,172,12,6.98%,220116,720816,60068,3.27,55.03%,23,12,12,7,2,44%,7,Control
2026-01-30,CMP-2026-010,Weekend_Flash_Sale,Direct,brand_direct,Promo_Seekers,Product_Feed,Tablet,Ulsan,Cart_Abandoners,/blog/cvr-guide,Conversion,10693,267,215,18,8.37%,270471,1115982,61999,4.13,54.78%,33,19,18,9,4,49%,8,Control
2026-01-31,CMP-2026-001,Spring_CVR_Boost,Paid_Social,kakao_paid,Brand_Terms,Newsletter,Desktop,Seoul,VIP_Customers,/blog/cvr-guide,Consideration,8310,237,197,14,7.11%,272550,685020,48930,2.51,58.25%,25,16,14,5,4,54%,6,Variant_A
2026-02-01,CMP-2026-002,Remarketing_Checkout,Display,programmatic_cpm,Lookalike_1pct,Native_Article,Tablet,Daegu,New_Prospects,/pricing,Conversion,8727,279,239,21,8.79%,292113,1068081,50861,3.66,57.59%,35,25,21,7,7,59%,8,Variant_A
2026-02-02,CMP-2026-003,Search_Brand_Core,Direct,brand_direct,New_Visitors,Static_Image,Mobile,Gwangju,High_Intent,/promo/spring,Retention,9144,325,286,22,7.69%,345800,1161424,52792,3.36,47.23%,40,22,22,10,4,64%,8,Variant_A
2026-02-03,CMP-2026-004,Social_Video_Launch,Paid_Social,meta_paid,Retargeting_7d,Short_Video,Desktop,Gangwon,Price_Sensitive,/checkout,Awareness,9561,373,338,15,4.44%,447973,820845,54723,1.83,53.48%,38,22,21,13,3,15%,6,Variant_B
2026-02-04,CMP-2026-005,Email_Nurture_Series,Email,newsletter_email,Cart_Abandoners,Carousel,Tablet,Busan,Dormant_Users,/blog/cvr-guide,Consideration,9978,494,459,30,6.54%,542412,1699620,56654,3.13,52.24%,63,40,32,20,8,34%,7,Variant_B
2026-02-05,CMP-2026-006,Affiliate_Review_Push,Referral,review_blog_referral,Loyalty_Members,Text_Search,Mobile,Daejeon,Returning_Visitors,/pricing,Conversion,10395,478,373,26,6.97%,532970,1523210,58585,2.86,53.34%,46,32,28,9,9,25%,6,Variant_B
2026-02-06,CMP-2026-007,Display_Prospecting,Paid_Search,naver_cpc,Competitor_Terms,Newsletter,Desktop,Jeju,Cart_Abandoners,/promo/spring,Retention,10812,314,253,20,7.91%,433948,1210320,60516,2.79,53.73%,35,20,20,7,4,30%,7,Control
2026-02-07,CMP-2026-008,Loyalty_Winback,Organic_Search,google_organic,Nonbrand_Generic,Native_Article,Tablet,Gyeonggi,VIP_Customers,/checkout,Awareness,11229,241,200,10,5%,276909,624470,62447,2.26,59.5%,23,13,10,7,2,35%,6,Control
2026-02-08,CMP-2026-009,Product_Demo_Trial,Affiliate,partner_affiliate,Product_Viewers,Static_Image,Mobile,Incheon,New_Prospects,/blog/cvr-guide,Consideration,11646,291,249,16,6.43%,339306,1030048,64378,3.04,59.2%,33,21,16,10,4,40%,7,Control
2026-02-09,CMP-2026-010,Weekend_Flash_Sale,Paid_Search,google_cpc,Promo_Seekers,Short_Video,Desktop,Ulsan,High_Intent,/pricing,Conversion,12063,476,419,39,9.31%,682108,2586051,66309,3.79,56.87%,68,48,39,18,13,45%,8,Variant_A
2026-02-10,CMP-2026-001,Spring_CVR_Boost,Organic_Search,google_organic,Brand_Terms,Carousel,Mobile,Seoul,Price_Sensitive,/pricing,Consideration,9680,310,281,18,6.41%,372000,958320,53240,2.58,49.03%,33,18,19,7,3,50%,6,Variant_A
2026-02-11,CMP-2026-002,Remarketing_Checkout,Affiliate,partner_affiliate,Lookalike_1pct,Text_Search,Desktop,Daegu,Dormant_Users,/promo/spring,Conversion,10097,358,333,32,9.61%,435686,1765472,55171,4.05,46.25%,51,32,32,10,7,69%,8,Variant_A
2026-02-12,CMP-2026-003,Search_Brand_Core,Paid_Search,google_cpc,New_Visitors,Product_Feed,Tablet,Gwangju,Returning_Visitors,/checkout,Retention,10514,526,410,36,8.78%,780584,2055672,57102,2.63,49.11%,61,39,36,14,10,60%,7,Variant_B
2026-02-13,CMP-2026-004,Social_Video_Launch,Paid_Social,kakao_paid,Retargeting_7d,Newsletter,Mobile,Gangwon,Cart_Abandoners,/blog/cvr-guide,Awareness,10931,465,374,22,5.88%,637515,1298726,59033,2.04,54.87%,47,33,22,15,7,65%,6,Variant_B
2026-02-14,CMP-2026-005,Email_Nurture_Series,Display,programmatic_cpm,Cart_Abandoners,Native_Article,Desktop,Busan,VIP_Customers,/pricing,Consideration,11348,522,433,23,5.31%,661896,1402172,60964,2.12,57.37%,54,28,25,19,4,16%,6,Variant_B
2026-02-15,CMP-2026-006,Affiliate_Review_Push,Direct,brand_direct,Loyalty_Members,Short_Video,Tablet,Daejeon,New_Prospects,/promo/spring,Conversion,11765,212,181,13,7.18%,272420,817635,62895,3,56.45%,22,13,13,4,3,21%,6,Control
2026-02-16,CMP-2026-007,Display_Prospecting,Paid_Social,meta_paid,Competitor_Terms,Carousel,Mobile,Jeju,High_Intent,/checkout,Retention,12182,262,231,14,6.06%,372564,907564,64826,2.44,59.72%,28,18,16,7,4,26%,6,Control
2026-02-17,CMP-2026-008,Loyalty_Winback,Email,newsletter_email,Nonbrand_Generic,Text_Search,Desktop,Gyeonggi,Price_Sensitive,/blog/cvr-guide,Awareness,12599,403,365,24,6.58%,531557,1602168,66757,3.01,60.69%,47,33,27,12,8,31%,6,Control
2026-02-18,CMP-2026-009,Product_Demo_Trial,Referral,review_blog_referral,Product_Viewers,Product_Feed,Tablet,Incheon,Dormant_Users,/pricing,Consideration,13016,371,345,20,5.8%,495656,1373760,68688,2.77,49.88%,43,22,20,13,4,50%,6,Variant_A
2026-02-19,CMP-2026-010,Weekend_Flash_Sale,Paid_Search,naver_cpc,Promo_Seekers,Newsletter,Mobile,Ulsan,Returning_Visitors,/promo/spring,Conversion,13433,578,451,37,8.2%,926534,2612903,70619,2.82,48.22%,69,40,37,20,9,41%,7,Variant_A
2026-02-20,CMP-2026-001,Spring_CVR_Boost,Email,newsletter_email,Brand_Terms,Native_Article,Tablet,Seoul,Cart_Abandoners,/promo/spring,Conversion,11050,470,378,36,9.52%,643900,2071800,57550,3.22,48.07%,56,36,36,9,10,46%,8,Variant_A
2026-02-21,CMP-2026-002,Remarketing_Checkout,Referral,review_blog_referral,Lookalike_1pct,Static_Image,Mobile,Daegu,VIP_Customers,/checkout,Retention,11467,447,371,26,7.01%,235569,1546506,59481,6.56,53.29%,48,34,26,11,9,51%,7,Variant_B
2026-02-22,CMP-2026-003,Search_Brand_Core,Paid_Search,naver_cpc,New_Visitors,Short_Video,Desktop,Gwangju,New_Prospects,/blog/cvr-guide,Awareness,11884,636,544,38,6.99%,504984,2333656,61412,4.62,55.01%,73,38,38,18,7,56%,7,Variant_B
2026-02-23,CMP-2026-004,Social_Video_Launch,Organic_Search,google_organic,Retargeting_7d,Carousel,Tablet,Gangwon,High_Intent,/pricing,Consideration,12301,566,498,35,7.03%,317526,2217005,63343,6.98,56.66%,68,39,37,19,8,61%,7,Variant_B
2026-02-24,CMP-2026-005,Email_Nurture_Series,Affiliate,partner_affiliate,Cart_Abandoners,Product_Feed,Mobile,Busan,Price_Sensitive,/promo/spring,Conversion,12718,229,207,19,9.18%,132362,1240206,65274,9.37,55.35%,34,22,19,9,5,12%,8,Control
2026-02-25,CMP-2026-006,Affiliate_Review_Push,Paid_Search,google_cpc,Loyalty_Members,Newsletter,Desktop,Daejeon,Dormant_Users,/checkout,Retention,13135,427,397,28,7.05%,360815,1881740,67205,5.22,60.03%,50,35,28,10,9,31%,6,Control
2026-02-26,CMP-2026-007,Display_Prospecting,Paid_Social,kakao_paid,Competitor_Terms,Native_Article,Tablet,Jeju,Returning_Visitors,/blog/cvr-guide,Awareness,13552,339,264,11,4.17%,248148,760496,69136,3.06,52.16%,27,14,15,8,2,22%,7,Control
2026-02-27,CMP-2026-008,Loyalty_Winback,Display,programmatic_cpm,Nonbrand_Generic,Static_Image,Mobile,Gyeonggi,Cart_Abandoners,/pricing,Consideration,13969,398,320,16,5%,250342,1137072,71067,4.54,52.7%,37,21,20,11,4,27%,7,Variant_A
2026-02-28,CMP-2026-009,Product_Demo_Trial,Direct,brand_direct,Product_Viewers,Short_Video,Desktop,Incheon,VIP_Customers,/promo/spring,Conversion,14386,460,382,30,7.85%,297160,2189940,72998,7.37,50.41%,55,35,30,15,8,32%,8,Variant_A
2026-03-01,CMP-2026-010,Weekend_Flash_Sale,Paid_Social,meta_paid,Promo_Seekers,Carousel,Tablet,Ulsan,New_Prospects,/checkout,Retention,14803,526,450,31,6.89%,411858,2322799,74929,5.64,53.45%,62,43,34,20,10,37%,7,Variant_A
2026-03-02,CMP-2026-001,Spring_CVR_Boost,Display,programmatic_cpm,Brand_Terms,Text_Search,Desktop,Seoul,High_Intent,/checkout,Conversion,12420,484,426,35,8.22%,329120,2165100,61860,6.58,53.29%,58,35,35,10,6,42%,8,Variant_B
2026-03-03,CMP-2026-002,Remarketing_Checkout,Direct,brand_direct,Lookalike_1pct,Product_Feed,Tablet,Daegu,Price_Sensitive,/blog/cvr-guide,Retention,12837,546,494,36,7.29%,380562,2296476,63791,6.03,56.29%,65,38,36,14,8,47%,7,Variant_B
2026-03-04,CMP-2026-003,Search_Brand_Core,Paid_Social,meta_paid,New_Visitors,Newsletter,Mobile,Gwangju,Dormant_Users,/pricing,Awareness,13254,610,567,30,5.29%,508740,1971660,65722,3.88,60.79%,66,42,32,19,8,66%,6,Variant_B
2026-03-05,CMP-2026-004,Social_Video_Launch,Email,newsletter_email,Retargeting_7d,Static_Image,Desktop,Gangwon,Returning_Visitors,/promo/spring,Consideration,13671,342,267,23,8.61%,250002,1556019,67653,6.22,57.85%,41,29,23,10,8,57%,8,Control
2026-03-06,CMP-2026-005,Email_Nurture_Series,Referral,review_blog_referral,Cart_Abandoners,Short_Video,Tablet,Busan,Cart_Abandoners,/checkout,Conversion,14088,303,244,21,8.61%,226644,1461264,69584,6.45,45.95%,39,21,21,11,4,62%,8,Control
2026-03-07,CMP-2026-006,Affiliate_Review_Push,Paid_Search,naver_cpc,Loyalty_Members,Carousel,Mobile,Daejeon,VIP_Customers,/blog/cvr-guide,Retention,14505,522,433,37,8.55%,529830,2646055,71515,4.99,47.73%,61,37,37,10,9,13%,8,Control
2026-03-08,CMP-2026-007,Display_Prospecting,Organic_Search,google_organic,Competitor_Terms,Text_Search,Desktop,Jeju,New_Prospects,/pricing,Awareness,14922,425,363,16,4.41%,332350,1175136,73446,3.54,55.23%,38,24,16,11,4,18%,7,Variant_A
2026-03-09,CMP-2026-008,Loyalty_Winback,Affiliate,partner_affiliate,Nonbrand_Generic,Product_Feed,Tablet,Gyeonggi,High_Intent,/promo/spring,Consideration,15339,491,432,25,5.79%,392309,1884425,75377,4.8,54.99%,52,36,25,15,8,23%,7,Variant_A
2026-03-10,CMP-2026-009,Product_Demo_Trial,Paid_Search,google_cpc,Product_Viewers,Newsletter,Mobile,Incheon,Price_Sensitive,/checkout,Conversion,15756,733,663,51,7.69%,781378,3942708,77308,5.05,54.03%,95,51,51,26,9,28%,8,Variant_A
2026-03-11,CMP-2026-010,Weekend_Flash_Sale,Paid_Social,kakao_paid,Promo_Seekers,Native_Article,Desktop,Ulsan,Dormant_Users,/blog/cvr-guide,Retention,16173,631,587,41,6.98%,601343,3248799,79239,5.4,56.73%,83,48,41,26,9,47%,7,Variant_B
2026-03-12,CMP-2026-001,Spring_CVR_Boost,Affiliate,partner_affiliate,Brand_Terms,Static_Image,Mobile,Seoul,Returning_Visitors,/blog/cvr-guide,Conversion,13790,586,457,36,7.88%,498100,2382120,66170,4.78,57.17%,61,39,36,11,10,38%,8,Variant_B
2026-03-13,CMP-2026-002,Remarketing_Checkout,Paid_Search,google_cpc,Lookalike_1pct,Short_Video,Desktop,Daegu,Cart_Abandoners,/pricing,Retention,14207,810,652,53,8.13%,904770,3609353,68101,3.99,58.52%,92,64,53,19,17,43%,8,Variant_B
2026-03-14,CMP-2026-003,Search_Brand_Core,Paid_Social,kakao_paid,New_Visitors,Text_Search,Tablet,Gwangju,VIP_Customers,/promo/spring,Awareness,14624,263,218,12,5.5%,264052,840384,70032,3.18,50.3%,26,14,12,7,2,48%,7,Control
2026-03-15,CMP-2026-004,Social_Video_Launch,Display,programmatic_cpm,Retargeting_7d,Product_Feed,Mobile,Gangwon,New_Prospects,/checkout,Consideration,15041,323,276,17,6.16%,291023,1223371,71963,4.2,51.08%,36,21,17,11,4,53%,7,Control
2026-03-16,CMP-2026-005,Email_Nurture_Series,Direct,brand_direct,Cart_Abandoners,Newsletter,Desktop,Busan,High_Intent,/blog/cvr-guide,Conversion,15458,386,340,30,8.82%,354348,2216820,73894,6.26,49.05%,54,35,30,15,8,58%,8,Control
2026-03-17,CMP-2026-006,Affiliate_Review_Push,Paid_Social,meta_paid,Loyalty_Members,Native_Article,Tablet,Daejeon,Price_Sensitive,/pricing,Awareness,15875,452,409,25,6.11%,476860,1895625,75825,3.98,54.55%,47,33,26,10,8,63%,7,Variant_A
2026-03-18,CMP-2026-007,Display_Prospecting,Email,newsletter_email,Competitor_Terms,Static_Image,Mobile,Jeju,Dormant_Users,/promo/spring,Consideration,16292,635,591,49,8.29%,604520,3810044,77756,6.3,53.19%,84,49,49,17,9,28%,8,Variant_A
2026-03-19,CMP-2026-008,Loyalty_Winback,Referral,review_blog_referral,Nonbrand_Generic,Short_Video,Desktop,Gyeonggi,Returning_Visitors,/checkout,Conversion,16709,593,463,33,7.13%,574617,2629671,79687,4.58,56.52%,62,36,35,16,8,19%,7,Variant_A
2026-03-20,CMP-2026-009,Product_Demo_Trial,Paid_Search,naver_cpc,Product_Viewers,Carousel,Tablet,Incheon,Cart_Abandoners,/blog/cvr-guide,Retention,17126,856,689,48,6.97%,1058016,3917664,81618,3.7,58.44%,94,60,48,27,13,24%,7,Variant_B
2026-03-21,CMP-2026-010,Weekend_Flash_Sale,Organic_Search,google_organic,Promo_Seekers,Text_Search,Mobile,Ulsan,VIP_Customers,/pricing,Awareness,17543,746,619,26,4.2%,748238,2172274,83549,2.9,64.02%,70,49,32,27,9,29%,5,Variant_B
2026-03-22,CMP-2026-001,Spring_CVR_Boost,Referral,review_blog_referral,Brand_Terms,Product_Feed,Tablet,Seoul,New_Prospects,/pricing,Retention,15160,697,596,39,6.54%,710940,2748720,70480,3.87,48.84%,72,39,39,14,7,34%,7,Variant_B
2026-03-23,CMP-2026-002,Remarketing_Checkout,Paid_Search,naver_cpc,Lookalike_1pct,Native_Article,Mobile,Daegu,High_Intent,/promo/spring,Awareness,15577,452,398,22,5.53%,581724,1593042,72411,2.74,51.96%,45,26,25,12,5,39%,6,Control
2026-03-24,CMP-2026-003,Search_Brand_Core,Organic_Search,google_organic,New_Visitors,Static_Image,Desktop,Gwangju,Price_Sensitive,/checkout,Consideration,15994,344,311,20,6.43%,362576,1486840,74342,4.1,52.4%,40,26,21,11,6,44%,7,Control
2026-03-25,CMP-2026-004,Social_Video_Launch,Affiliate,partner_affiliate,Retargeting_7d,Short_Video,Tablet,Gangwon,Dormant_Users,/blog/cvr-guide,Conversion,16411,410,381,33,8.66%,439110,2517009,76273,5.73,50.98%,58,41,33,15,11,63%,8,Control
2026-03-26,CMP-2026-005,Email_Nurture_Series,Paid_Search,google_cpc,Cart_Abandoners,Carousel,Mobile,Busan,Returning_Visitors,/pricing,Retention,16828,665,519,41,7.9%,889770,3206364,78204,3.6,53.74%,78,41,41,23,7,54%,8,Variant_A
2026-03-27,CMP-2026-006,Affiliate_Review_Push,Paid_Social,kakao_paid,Loyalty_Members,Text_Search,Desktop,Daejeon,Cart_Abandoners,/promo/spring,Awareness,17245,552,444,28,6.31%,676200,2243780,80135,3.32,57.67%,52,30,28,11,6,59%,7,Variant_A
2026-03-28,CMP-2026-007,Display_Prospecting,Display,programmatic_cpm,Competitor_Terms,Product_Feed,Tablet,Jeju,VIP_Customers,/checkout,Consideration,17662,627,520,36,6.92%,703494,2954376,82066,4.2,58.51%,67,43,36,15,10,64%,7,Variant_A
2026-03-29,CMP-2026-008,Loyalty_Winback,Direct,brand_direct,Nonbrand_Generic,Newsletter,Mobile,Gyeonggi,New_Prospects,/blog/cvr-guide,Conversion,18079,705,603,52,8.62%,802995,4367844,83997,5.44,57.83%,90,63,52,21,17,15%,8,Variant_B
2026-03-30,CMP-2026-009,Product_Demo_Trial,Paid_Social,meta_paid,Product_Viewers,Native_Article,Desktop,Incheon,High_Intent,/pricing,Retention,18496,786,692,44,6.36%,1002936,3780832,85928,3.77,49.1%,90,47,48,27,8,20%,7,Variant_B
2026-03-31,CMP-2026-010,Weekend_Flash_Sale,Email,newsletter_email,Promo_Seekers,Static_Image,Tablet,Ulsan,Price_Sensitive,/promo/spring,Awareness,18913,1002,907,52,5.73%,1175346,4568668,87859,3.89,51.68%,116,67,68,40,12,25%,7,Variant_B
2026-04-01,CMP-2026-001,Spring_CVR_Boost,Direct,brand_direct,Brand_Terms,Carousel,Desktop,Seoul,Dormant_Users,/promo/spring,Retention,16530,298,277,19,6.86%,354620,1421010,74790,4.01,51.8%,34,22,19,7,5,44%,7,Control
2026-04-02,CMP-2026-002,Remarketing_Checkout,Paid_Social,meta_paid,Lookalike_1pct,Text_Search,Tablet,Daegu,Returning_Visitors,/checkout,Awareness,16947,364,284,14,4.93%,483028,1074094,76721,2.22,56.2%,30,21,14,8,5,35%,6,Control
2026-04-03,CMP-2026-003,Search_Brand_Core,Email,newsletter_email,New_Visitors,Product_Feed,Mobile,Gwangju,Cart_Abandoners,/blog/cvr-guide,Consideration,17364,556,448,31,6.92%,680544,2438212,78652,3.58,55.11%,59,31,31,15,6,40%,7,Control
2026-04-04,CMP-2026-004,Social_Video_Launch,Referral,review_blog_referral,Retargeting_7d,Newsletter,Desktop,Gangwon,VIP_Customers,/pricing,Conversion,17781,507,421,35,8.31%,629187,2820405,80583,4.48,54.87%,63,37,35,16,8,45%,8,Variant_A
2026-04-05,CMP-2026-005,Email_Nurture_Series,Paid_Search,naver_cpc,Cart_Abandoners,Native_Article,Tablet,Busan,New_Prospects,/promo/spring,Retention,18198,783,669,54,8.07%,1180764,4455756,82514,3.77,56.9%,101,65,54,29,15,50%,8,Variant_A
2026-04-06,CMP-2026-006,Affiliate_Review_Push,Organic_Search,google_organic,Loyalty_Members,Static_Image,Mobile,Daejeon,High_Intent,/checkout,Awareness,18615,661,582,31,5.33%,842775,2617795,84445,3.11,62.44%,63,44,44,14,10,55%,6,Variant_A
2026-04-07,CMP-2026-007,Display_Prospecting,Affiliate,partner_affiliate,Competitor_Terms,Short_Video,Desktop,Jeju,Price_Sensitive,/blog/cvr-guide,Consideration,19032,742,672,52,7.74%,958664,4491552,86376,4.69,47.16%,92,52,52,19,9,60%,8,Variant_B
2026-04-08,CMP-2026-008,Loyalty_Winback,Paid_Search,google_cpc,Nonbrand_Generic,Carousel,Tablet,Gyeonggi,Dormant_Users,/pricing,Conversion,19449,1041,968,92,9.5%,1622919,8124244,88307,5.01,46.4%,153,92,92,33,21,79%,8,Variant_B
2026-04-09,CMP-2026-009,Product_Demo_Trial,Paid_Social,kakao_paid,Product_Viewers,Text_Search,Mobile,Incheon,Returning_Visitors,/promo/spring,Retention,19866,914,713,56,7.85%,1321644,5053328,90238,3.82,50.41%,103,66,56,28,16,16%,8,Variant_B
2026-04-10,CMP-2026-010,Weekend_Flash_Sale,Display,programmatic_cpm,Promo_Seekers,Newsletter,Desktop,Ulsan,Cart_Abandoners,/checkout,Awareness,20283,365,294,13,4.42%,490195,1198197,92169,2.44,56.91%,34,24,19,13,4,21%,6,Control
2026-04-11,CMP-2026-001,Spring_CVR_Boost,Paid_Search,google_cpc,Brand_Terms,Native_Article,Mobile,Seoul,VIP_Customers,/checkout,Awareness,17900,582,483,23,4.76%,937020,1819300,79100,1.94,58.14%,50,26,33,12,4,26%,6,Control
2026-04-12,CMP-2026-002,Remarketing_Checkout,Paid_Social,kakao_paid,Lookalike_1pct,Static_Image,Desktop,Daegu,New_Prospects,/blog/cvr-guide,Consideration,18317,458,392,23,5.87%,685626,1863713,81031,2.72,58.28%,46,27,29,11,5,31%,6,Control
2026-04-13,CMP-2026-003,Search_Brand_Core,Display,programmatic_cpm,New_Visitors,Short_Video,Tablet,Gwangju,High_Intent,/pricing,Conversion,18734,534,470,35,7.45%,285156,2903670,82962,10.18,57.77%,64,41,35,16,10,36%,7,Variant_A
2026-04-14,CMP-2026-004,Social_Video_Launch,Direct,brand_direct,Retargeting_7d,Carousel,Mobile,Gangwon,Price_Sensitive,/promo/spring,Retention,19151,613,555,36,6.49%,337763,3056148,84893,9.05,60.81%,73,51,36,22,12,41%,6,Variant_A
2026-04-15,CMP-2026-005,Email_Nurture_Series,Paid_Social,meta_paid,Cart_Abandoners,Text_Search,Desktop,Busan,Dormant_Users,/checkout,Awareness,19568,695,646,36,5.57%,478160,3125664,86824,6.54,50.2%,82,43,37,28,6,60%,7,Variant_A
2026-04-16,CMP-2026-006,Affiliate_Review_Push,Email,newsletter_email,Loyalty_Members,Product_Feed,Tablet,Daejeon,Returning_Visitors,/blog/cvr-guide,Consideration,19985,919,717,55,7.67%,537615,4881525,88755,9.08,48.96%,95,55,55,17,13,51%,8,Variant_B
2026-04-17,CMP-2026-007,Display_Prospecting,Referral,review_blog_referral,Competitor_Terms,Newsletter,Mobile,Jeju,Cart_Abandoners,/pricing,Conversion,20402,867,698,55,7.88%,521934,4987730,90686,9.56,50.37%,97,62,55,20,15,56%,8,Variant_B
2026-04-18,CMP-2026-008,Loyalty_Winback,Paid_Search,naver_cpc,Nonbrand_Generic,Native_Article,Desktop,Gyeonggi,VIP_Customers,/promo/spring,Retention,20819,1187,985,87,8.83%,1031503,8057679,92617,7.81,50.74%,149,104,87,33,29,61%,8,Variant_B
2026-04-19,CMP-2026-009,Product_Demo_Trial,Organic_Search,google_organic,Product_Viewers,Short_Video,Tablet,Incheon,New_Prospects,/checkout,Awareness,21236,382,327,20,6.12%,242952,1890960,94548,7.78,56.23%,42,22,20,13,4,12%,7,Control
2026-04-20,CMP-2026-010,Weekend_Flash_Sale,Affiliate,partner_affiliate,Promo_Seekers,Carousel,Mobile,Ulsan,High_Intent,/blog/cvr-guide,Consideration,21653,466,410,31,7.56%,304298,2990849,96479,9.83,55.92%,60,35,31,18,7,17%,8,Control
2026-04-21,CMP-2026-001,Spring_CVR_Boost,Paid_Search,naver_cpc,Brand_Terms,Text_Search,Tablet,Seoul,Price_Sensitive,/blog/cvr-guide,Awareness,19270,694,628,31,4.94%,638480,2585710,83410,4.05,61.28%,65,42,36,15,9,22%,6,Control
2026-04-22,CMP-2026-002,Remarketing_Checkout,Organic_Search,google_organic,Lookalike_1pct,Product_Feed,Mobile,Daegu,Dormant_Users,/pricing,Consideration,19687,561,522,26,4.98%,385407,2218866,85341,5.76,62.93%,56,39,33,15,9,41%,6,Variant_A
2026-04-23,CMP-2026-003,Search_Brand_Core,Affiliate,partner_affiliate,New_Visitors,Newsletter,Desktop,Gwangju,Returning_Visitors,/promo/spring,Conversion,20104,643,502,41,8.17%,452672,3578152,87272,7.9,46.56%,72,41,41,17,7,32%,8,Variant_A
2026-04-24,CMP-2026-004,Social_Video_Launch,Paid_Search,google_cpc,Retargeting_7d,Native_Article,Tablet,Gangwon,Cart_Abandoners,/checkout,Retention,20521,954,768,57,7.42%,926334,5084571,89203,5.49,49.31%,108,63,58,30,13,37%,7,Variant_A
2026-04-25,CMP-2026-005,Email_Nurture_Series,Paid_Social,kakao_paid,Cart_Abandoners,Static_Image,Mobile,Busan,VIP_Customers,/blog/cvr-guide,Awareness,20938,817,678,32,4.72%,700986,2916288,91134,4.16,54.79%,80,51,32,30,9,42%,7,Variant_B
2026-04-26,CMP-2026-006,Affiliate_Review_Push,Display,programmatic_cpm,Loyalty_Members,Short_Video,Desktop,Daejeon,New_Prospects,/pricing,Consideration,21355,908,776,50,6.44%,685540,4653250,93065,6.79,54.08%,93,65,50,19,17,47%,7,Variant_B
2026-04-27,CMP-2026-007,Display_Prospecting,Direct,brand_direct,Competitor_Terms,Carousel,Tablet,Jeju,High_Intent,/promo/spring,Conversion,21772,1002,882,71,8.05%,773544,6744716,94996,8.72,53.53%,123,71,71,26,13,52%,8,Variant_B
2026-04-28,CMP-2026-008,Loyalty_Winback,Paid_Social,meta_paid,Nonbrand_Generic,Product_Feed,Mobile,Gyeonggi,Price_Sensitive,/checkout,Retention,22189,399,361,26,7.2%,362691,2520102,96927,6.95,56.42%,49,28,26,12,6,57%,7,Control
2026-04-29,CMP-2026-009,Product_Demo_Trial,Email,newsletter_email,Product_Viewers,Newsletter,Desktop,Incheon,Dormant_Users,/blog/cvr-guide,Awareness,22606,644,599,46,7.68%,519064,4547468,98858,8.76,57.45%,86,55,46,23,13,76%,8,Control
2026-04-30,CMP-2026-010,Weekend_Flash_Sale,Referral,review_blog_referral,Promo_Seekers,Native_Article,Tablet,Ulsan,Returning_Visitors,/pricing,Consideration,23023,576,449,31,6.9%,474048,3124459,100789,6.59,60.24%,63,44,34,20,10,13%,6,Control
2026-05-01,CMP-2026-001,Spring_CVR_Boost,Paid_Social,meta_paid,Brand_Terms,Static_Image,Desktop,Seoul,Cart_Abandoners,/pricing,Awareness,20640,588,473,32,6.77%,564480,2807040,87720,4.97,48.52%,58,32,32,11,6,18%,7,Variant_A
2026-05-02,CMP-2026-002,Remarketing_Checkout,Email,newsletter_email,Lookalike_1pct,Short_Video,Tablet,Daegu,VIP_Customers,/promo/spring,Consideration,21057,821,681,44,6.46%,703597,3944644,89651,5.61,50.66%,84,49,44,20,10,23%,7,Variant_A
2026-05-03,CMP-2026-003,Search_Brand_Core,Referral,review_blog_referral,New_Visitors,Carousel,Mobile,Gwangju,New_Prospects,/checkout,Conversion,21474,762,652,43,6.6%,665988,3938026,91582,5.91,52.16%,84,54,43,22,12,28%,7,Variant_A
2026-05-04,CMP-2026-004,Social_Video_Launch,Paid_Search,naver_cpc,Retargeting_7d,Text_Search,Desktop,Gangwon,High_Intent,/blog/cvr-guide,Retention,21891,1095,964,73,7.57%,1249395,6826449,93513,5.46,52.5%,137,96,73,38,24,33%,8,Variant_B
2026-05-05,CMP-2026-005,Email_Nurture_Series,Organic_Search,google_organic,Cart_Abandoners,Product_Feed,Tablet,Busan,Price_Sensitive,/pricing,Awareness,22308,948,858,41,4.78%,860784,3913204,95444,4.55,58.11%,102,53,59,38,7,38%,7,Variant_B
2026-05-06,CMP-2026-006,Affiliate_Review_Push,Affiliate,partner_affiliate,Loyalty_Members,Newsletter,Mobile,Daejeon,Dormant_Users,/promo/spring,Conversion,22725,1045,972,77,7.92%,966625,7497875,97375,7.76,55.41%,130,77,77,23,18,57%,8,Variant_B
2026-05-07,CMP-2026-007,Display_Prospecting,Paid_Search,google_cpc,Competitor_Terms,Static_Image,Desktop,Jeju,Returning_Visitors,/checkout,Retention,23142,671,523,43,8.22%,799832,4270158,99306,5.34,56.69%,74,47,43,15,12,48%,8,Control
2026-05-08,CMP-2026-008,Loyalty_Winback,Paid_Social,kakao_paid,Nonbrand_Generic,Short_Video,Tablet,Gyeonggi,Cart_Abandoners,/blog/cvr-guide,Awareness,23559,507,408,22,5.39%,547053,2227214,101237,4.07,62.35%,48,34,22,14,7,53%,6,Control
2026-05-09,CMP-2026-009,Product_Demo_Trial,Display,programmatic_cpm,Product_Viewers,Carousel,Mobile,Incheon,VIP_Customers,/pricing,Consideration,23976,599,497,31,6.24%,584624,3198208,103168,5.47,49.26%,64,33,31,19,6,58%,7,Control
2026-05-10,CMP-2026-010,Weekend_Flash_Sale,Direct,brand_direct,Promo_Seekers,Text_Search,Desktop,Ulsan,New_Prospects,/promo/spring,Conversion,24393,695,594,53,8.92%,690135,5570247,105099,8.07,47.21%,95,55,53,26,12,63%,8,Variant_A
2026-05-11,CMP-2026-001,Spring_CVR_Boost,Paid_Social,kakao_paid,Brand_Terms,Product_Feed,Mobile,Seoul,High_Intent,/promo/spring,Consideration,22010,704,620,41,6.61%,795520,3773230,92030,4.74,52.15%,76,49,43,15,11,14%,7,Variant_A
2026-05-12,CMP-2026-002,Remarketing_Checkout,Display,programmatic_cpm,Lookalike_1pct,Newsletter,Desktop,Daegu,Price_Sensitive,/checkout,Conversion,22427,796,720,67,9.31%,817492,6295387,93961,7.7,50.07%,109,76,67,21,22,19%,8,Variant_A
2026-05-13,CMP-2026-003,Search_Brand_Core,Direct,brand_direct,New_Visitors,Native_Article,Tablet,Gwangju,Dormant_Users,/blog/cvr-guide,Retention,22844,891,829,49,5.91%,930204,4698708,95892,5.05,56.53%,101,53,49,28,9,38%,7,Variant_B
2026-05-14,CMP-2026-004,Social_Video_Launch,Paid_Social,meta_paid,Retargeting_7d,Static_Image,Mobile,Gangwon,Returning_Visitors,/pricing,Awareness,23261,989,771,31,4.02%,1168009,3032513,97823,2.6,60.87%,83,48,39,30,7,29%,5,Variant_B
2026-05-15,CMP-2026-005,Email_Nurture_Series,Email,newsletter_email,Cart_Abandoners,Short_Video,Desktop,Busan,Cart_Abandoners,/promo/spring,Consideration,23678,1255,1010,73,7.23%,1352890,7282042,99754,5.38,58.08%,145,93,73,44,20,34%,7,Variant_B
2026-05-16,CMP-2026-006,Affiliate_Review_Push,Referral,review_blog_referral,Loyalty_Members,Text_Search,Tablet,Daejeon,VIP_Customers,/checkout,Conversion,24095,434,360,26,7.22%,475230,2643810,101685,5.56,59.79%,46,32,26,9,9,39%,7,Control
2026-05-17,CMP-2026-007,Display_Prospecting,Paid_Search,naver_cpc,Competitor_Terms,Product_Feed,Mobile,Jeju,New_Prospects,/blog/cvr-guide,Retention,6012,195,167,12,7.19%,265590,1243392,103616,4.68,47.93%,22,12,12,5,2,44%,7,Control
2026-05-18,CMP-2026-008,Loyalty_Winback,Organic_Search,google_organic,Nonbrand_Generic,Newsletter,Desktop,Gyeonggi,High_Intent,/pricing,Awareness,6429,161,142,8,5.63%,181769,844376,105547,4.65,51.82%,17,10,11,5,2,49%,7,Control
2026-05-19,CMP-2026-009,Product_Demo_Trial,Affiliate,partner_affiliate,Product_Viewers,Native_Article,Tablet,Incheon,Price_Sensitive,/promo/spring,Consideration,6846,195,176,12,6.82%,223470,1289736,107478,5.77,51.85%,24,15,12,7,3,54%,7,Variant_A
2026-05-20,CMP-2026-010,Weekend_Flash_Sale,Paid_Search,google_cpc,Promo_Seekers,Static_Image,Mobile,Ulsan,Dormant_Users,/checkout,Conversion,7263,312,290,25,8.62%,440856,2735225,109409,6.2,51.03%,46,32,25,13,8,73%,8,Variant_A
2026-05-21,CMP-2026-001,Spring_CVR_Boost,Organic_Search,google_organic,Brand_Terms,Short_Video,Tablet,Seoul,Returning_Visitors,/checkout,Consideration,4880,173,135,9,6.67%,204140,867060,96340,4.25,55.46%,17,9,9,3,2,64%,7,Variant_A
2026-05-22,CMP-2026-002,Remarketing_Checkout,Affiliate,partner_affiliate,Lookalike_1pct,Carousel,Mobile,Daegu,Cart_Abandoners,/blog/cvr-guide,Conversion,5297,207,167,15,8.98%,247779,1474065,98271,5.95,53.93%,25,15,15,5,3,15%,8,Variant_B
2026-05-23,CMP-2026-003,Search_Brand_Core,Paid_Search,google_cpc,New_Visitors,Text_Search,Desktop,Gwangju,VIP_Customers,/pricing,Retention,5714,306,254,24,9.45%,447984,2404848,100202,5.37,54.97%,40,26,24,9,7,20%,8,Variant_B
2026-05-24,CMP-2026-004,Social_Video_Launch,Paid_Social,kakao_paid,Retargeting_7d,Product_Feed,Tablet,Gangwon,New_Prospects,/promo/spring,Awareness,6131,282,241,10,4.15%,380982,1021330,102133,2.68,64.09%,26,18,18,9,3,25%,5,Variant_B
2026-05-25,CMP-2026-005,Email_Nurture_Series,Display,programmatic_cpm,Cart_Abandoners,Native_Article,Mobile,Busan,High_Intent,/checkout,Consideration,6548,118,104,5,4.81%,147264,210320,42064,1.43,51.27%,13,7,5,5,1,30%,6,Control
2026-01-01,CMP-2026-006,Affiliate_Review_Push,Direct,brand_direct,Loyalty_Members,Static_Image,Desktop,Daejeon,Price_Sensitive,/blog/cvr-guide,Conversion,6965,150,136,10,7.35%,189750,439950,43995,2.32,49.41%,18,10,10,3,2,35%,6,Control
2026-01-02,CMP-2026-007,Display_Prospecting,Paid_Social,meta_paid,Competitor_Terms,Short_Video,Tablet,Jeju,Dormant_Users,/pricing,Retention,7382,185,172,11,6.4%,259370,505186,45926,1.95,52.44%,21,13,11,5,3,54%,6,Control
2026-01-03,CMP-2026-008,Loyalty_Winback,Email,newsletter_email,Nonbrand_Generic,Carousel,Mobile,Gyeonggi,Returning_Visitors,/promo/spring,Awareness,7799,277,216,13,6.02%,359823,622141,47857,1.73,54.67%,27,19,14,7,4,45%,6,Variant_A
2026-01-04,CMP-2026-009,Product_Demo_Trial,Referral,review_blog_referral,Product_Viewers,Text_Search,Desktop,Incheon,Cart_Abandoners,/checkout,Consideration,8216,263,212,14,6.6%,346108,697032,49788,2.01,55.56%,28,15,15,8,3,50%,6,Variant_A
2026-01-05,CMP-2026-010,Weekend_Flash_Sale,Paid_Search,naver_cpc,Promo_Seekers,Product_Feed,Tablet,Ulsan,VIP_Customers,/blog/cvr-guide,Conversion,8633,401,333,29,8.71%,634783,1499851,51719,2.36,54.31%,53,31,29,15,7,55%,7,Variant_A
2026-01-06,CMP-2026-001,Spring_CVR_Boost,Email,newsletter_email,Brand_Terms,Newsletter,Desktop,Seoul,New_Prospects,/blog/cvr-guide,Conversion,6250,288,246,25,10.16%,388800,966250,38650,2.49,53.98%,38,25,25,6,7,60%,7,Variant_B
2026-01-07,CMP-2026-002,Remarketing_Checkout,Referral,review_blog_referral,Lookalike_1pct,Native_Article,Tablet,Daegu,High_Intent,/pricing,Retention,6667,283,249,19,7.63%,386861,771039,40581,1.99,59.22%,34,24,19,7,6,65%,7,Variant_B
2026-01-08,CMP-2026-003,Search_Brand_Core,Paid_Search,naver_cpc,New_Visitors,Static_Image,Mobile,Gwangju,Price_Sensitive,/promo/spring,Awareness,7084,404,366,24,6.56%,312696,1020288,42512,3.26,48.82%,47,24,24,12,4,16%,7,Variant_B
2026-01-09,CMP-2026-004,Social_Video_Launch,Organic_Search,google_organic,Retargeting_7d,Carousel,Desktop,Gangwon,Dormant_Users,/checkout,Consideration,7501,135,126,10,7.94%,73035,444430,44443,6.09,48.58%,18,10,10,5,2,35%,8,Control
2026-01-10,CMP-2026-005,Email_Nurture_Series,Affiliate,partner_affiliate,Cart_Abandoners,Text_Search,Tablet,Busan,Returning_Visitors,/blog/cvr-guide,Conversion,7918,170,133,10,7.52%,94860,463740,46374,4.89,50.87%,19,12,10,6,3,26%,8,Control
2026-01-11,CMP-2026-006,Affiliate_Review_Push,Paid_Search,google_cpc,Loyalty_Members,Product_Feed,Mobile,Daejeon,Cart_Abandoners,/pricing,Retention,8335,300,242,16,6.61%,247500,772880,48305,3.12,53.85%,29,20,18,6,5,31%,7,Control
2026-01-12,CMP-2026-007,Display_Prospecting,Paid_Social,kakao_paid,Competitor_Terms,Newsletter,Desktop,Jeju,VIP_Customers,/promo/spring,Awareness,8752,249,207,10,4.83%,177288,502360,50236,2.83,58.04%,22,11,10,6,2,36%,6,Variant_A
2026-01-13,CMP-2026-008,Loyalty_Winback,Display,programmatic_cpm,Nonbrand_Generic,Native_Article,Tablet,Gyeonggi,New_Prospects,/checkout,Consideration,9169,293,251,14,5.58%,178437,730338,52167,4.09,58.69%,30,17,14,9,3,41%,7,Variant_A
2026-01-14,CMP-2026-009,Product_Demo_Trial,Direct,brand_direct,Product_Viewers,Static_Image,Mobile,Incheon,High_Intent,/blog/cvr-guide,Conversion,9586,340,299,22,7.36%,212840,1190156,54098,5.59,57.9%,42,27,22,12,6,46%,7,Variant_A
2026-01-15,CMP-2026-010,Weekend_Flash_Sale,Paid_Social,meta_paid,Promo_Seekers,Short_Video,Desktop,Ulsan,Price_Sensitive,/pricing,Retention,10003,390,353,26,7.37%,297570,1456754,56029,4.9,59.58%,51,36,26,16,9,51%,7,Variant_B
2026-01-16,CMP-2026-001,Spring_CVR_Boost,Display,programmatic_cpm,Brand_Terms,Carousel,Mobile,Seoul,Dormant_Users,/pricing,Conversion,7620,324,301,23,7.64%,213840,988080,42960,4.62,47.3%,40,23,23,7,4,70%,8,Variant_B
2026-01-17,CMP-2026-002,Remarketing_Checkout,Direct,brand_direct,Lookalike_1pct,Text_Search,Desktop,Daegu,Returning_Visitors,/promo/spring,Retention,8037,370,289,23,7.96%,250490,1032493,44891,4.12,48.56%,40,23,23,8,5,61%,8,Variant_B
2026-01-18,CMP-2026-003,Search_Brand_Core,Paid_Social,meta_paid,New_Visitors,Newsletter,Tablet,Gwangju,Cart_Abandoners,/checkout,Awareness,8454,152,122,7,5.74%,123728,327754,46822,2.65,53.36%,15,10,7,4,2,12%,6,Control
2026-01-19,CMP-2026-004,Social_Video_Launch,Email,newsletter_email,Retargeting_7d,Native_Article,Mobile,Gangwon,VIP_Customers,/blog/cvr-guide,Consideration,8871,253,210,17,8.1%,179883,828801,48753,4.61,51.76%,31,22,17,8,6,17%,8,Control
2026-01-20,CMP-2026-005,Email_Nurture_Series,Referral,review_blog_referral,Cart_Abandoners,Static_Image,Desktop,Busan,New_Prospects,/pricing,Conversion,9288,232,198,18,9.09%,168896,912312,50684,5.4,52.07%,32,18,18,9,3,22%,8,Control
2026-01-21,CMP-2026-006,Affiliate_Review_Push,Paid_Search,naver_cpc,Loyalty_Members,Short_Video,Tablet,Daejeon,High_Intent,/promo/spring,Retention,9705,383,337,23,6.82%,381085,1210145,52615,3.18,56.95%,41,24,23,8,5,27%,7,Variant_A
2026-01-22,CMP-2026-007,Display_Prospecting,Organic_Search,google_organic,Competitor_Terms,Carousel,Mobile,Jeju,Price_Sensitive,/checkout,Awareness,10122,324,293,12,4.1%,246888,654552,54546,2.65,62.46%,29,19,20,8,3,32%,5,Variant_A
2026-01-23,CMP-2026-008,Loyalty_Winback,Affiliate,partner_affiliate,Nonbrand_Generic,Text_Search,Desktop,Gyeonggi,Dormant_Users,/blog/cvr-guide,Consideration,10539,374,348,22,6.32%,291346,1242494,56477,4.26,61.05%,44,31,26,12,7,51%,6,Variant_A
2026-01-24,CMP-2026-009,Product_Demo_Trial,Paid_Search,google_cpc,Product_Viewers,Product_Feed,Tablet,Incheon,Returning_Visitors,/pricing,Conversion,10956,548,427,35,8.2%,573208,2044280,58408,3.57,46.52%,63,35,35,17,6,42%,8,Variant_B
2026-01-25,CMP-2026-010,Weekend_Flash_Sale,Paid_Social,kakao_paid,Promo_Seekers,Newsletter,Mobile,Ulsan,Cart_Abandoners,/promo/spring,Retention,11373,483,389,25,6.43%,450639,1508475,60339,3.35,50.7%,53,31,25,17,6,47%,7,Variant_B
2026-01-26,CMP-2026-001,Spring_CVR_Boost,Affiliate,partner_affiliate,Brand_Terms,Native_Article,Tablet,Seoul,VIP_Customers,/promo/spring,Conversion,8990,414,344,29,8.43%,343620,1370830,47270,3.99,49.6%,48,31,29,8,8,52%,8,Variant_B
2026-01-27,CMP-2026-002,Remarketing_Checkout,Paid_Search,google_cpc,Lookalike_1pct,Short_Video,Mobile,Daegu,New_Prospects,/checkout,Retention,9407,273,233,18,7.73%,299481,885618,49201,2.96,52.28%,32,22,18,7,6,57%,7,Control
2026-01-28,CMP-2026-003,Search_Brand_Core,Paid_Social,kakao_paid,New_Visitors,Carousel,Desktop,Gwangju,High_Intent,/blog/cvr-guide,Awareness,9824,211,186,11,5.91%,207624,562452,51132,2.71,56.53%,23,12,13,6,2,62%,6,Control
2026-01-29,CMP-2026-004,Social_Video_Launch,Display,programmatic_cpm,Retargeting_7d,Text_Search,Tablet,Gangwon,Price_Sensitive,/pricing,Consideration,10241,256,232,16,6.9%,225536,849008,53063,3.76,56.84%,31,18,17,9,4,13%,7,Control
2026-01-30,CMP-2026-005,Email_Nurture_Series,Direct,brand_direct,Cart_Abandoners,Product_Feed,Mobile,Busan,Dormant_Users,/promo/spring,Conversion,10658,304,283,24,8.48%,272992,1319856,54994,4.83,56.33%,44,28,24,12,7,32%,8,Variant_A
2026-01-31,CMP-2026-006,Affiliate_Review_Push,Paid_Social,meta_paid,Loyalty_Members,Newsletter,Desktop,Daejeon,Returning_Visitors,/checkout,Awareness,11075,354,276,18,6.52%,366390,1024650,56925,2.8,60.77%,34,24,18,7,6,23%,5,Variant_A
2026-02-01,CMP-2026-007,Display_Prospecting,Email,newsletter_email,Competitor_Terms,Native_Article,Tablet,Jeju,Cart_Abandoners,/blog/cvr-guide,Consideration,11492,488,393,25,6.36%,454816,1471400,58856,3.24,49.1%,48,25,25,11,5,28%,7,Variant_A
2026-02-02,CMP-2026-008,Loyalty_Winback,Referral,review_blog_referral,Nonbrand_Generic,Static_Image,Mobile,Gyeonggi,VIP_Customers,/pricing,Conversion,11909,464,385,25,6.49%,440336,1519675,60787,3.45,50.61%,50,29,25,13,6,33%,7,Variant_B
2026-02-03,CMP-2026-009,Product_Demo_Trial,Paid_Search,naver_cpc,Product_Viewers,Short_Video,Desktop,Incheon,New_Prospects,/promo/spring,Retention,12326,659,563,42,7.46%,801344,2634156,62718,3.29,50.96%,80,51,42,22,12,38%,7,Variant_B
2026-02-04,CMP-2026-010,Weekend_Flash_Sale,Organic_Search,google_organic,Promo_Seekers,Carousel,Tablet,Ulsan,High_Intent,/checkout,Awareness,12743,586,516,25,4.84%,576038,1616225,64649,2.81,56.32%,61,43,39,23,8,43%,6,Variant_B
2026-02-05,CMP-2026-001,Spring_CVR_Boost,Referral,review_blog_referral,Brand_Terms,Product_Feed,Desktop,Seoul,Price_Sensitive,/checkout,Retention,10360,186,168,12,7.14%,186000,618960,51580,3.33,54.8%,21,12,12,4,2,48%,7,Control
2026-02-06,CMP-2026-002,Remarketing_Checkout,Paid_Search,naver_cpc,Lookalike_1pct,Newsletter,Tablet,Daegu,Dormant_Users,/blog/cvr-guide,Awareness,10777,350,326,20,6.13%,443450,1070220,53511,2.41,57.92%,39,23,20,9,5,67%,6,Control
2026-02-07,CMP-2026-003,Search_Brand_Core,Organic_Search,google_organic,New_Visitors,Native_Article,Mobile,Gwangju,Returning_Visitors,/pricing,Consideration,11194,280,218,13,5.96%,289520,720746,55442,2.49,59.86%,27,17,13,7,4,58%,6,Control
2026-02-08,CMP-2026-004,Social_Video_Launch,Affiliate,partner_affiliate,Retargeting_7d,Static_Image,Desktop,Gangwon,Cart_Abandoners,/promo/spring,Conversion,11611,331,266,25,9.4%,347881,1434325,57373,4.12,56.74%,42,29,25,10,8,63%,8,Variant_A
2026-02-09,CMP-2026-005,Email_Nurture_Series,Paid_Search,google_cpc,Cart_Abandoners,Short_Video,Tablet,Busan,VIP_Customers,/checkout,Retention,12028,517,429,36,8.39%,681406,2134944,59304,3.13,46.25%,67,36,36,19,6,14%,8,Variant_A
2026-02-10,CMP-2026-006,Affiliate_Review_Push,Paid_Social,kakao_paid,Loyalty_Members,Carousel,Mobile,Daejeon,New_Prospects,/blog/cvr-guide,Awareness,12445,442,378,22,5.82%,532610,1347170,61235,2.53,51.55%,43,25,28,9,5,19%,6,Variant_A
2026-02-11,CMP-2026-007,Display_Prospecting,Display,programmatic_cpm,Competitor_Terms,Text_Search,Desktop,Jeju,High_Intent,/pricing,Consideration,12862,502,442,34,7.69%,553204,2147644,63166,3.88,50.63%,60,38,34,13,10,24%,8,Variant_B
2026-02-12,CMP-2026-008,Loyalty_Winback,Direct,brand_direct,Nonbrand_Generic,Product_Feed,Tablet,Gyeonggi,Price_Sensitive,/promo/spring,Conversion,13279,564,510,34,6.67%,631116,2213298,65097,3.51,53.76%,66,46,34,17,11,29%,7,Variant_B
2026-02-13,CMP-2026-009,Product_Demo_Trial,Paid_Social,meta_paid,Product_Viewers,Newsletter,Mobile,Incheon,Dormant_Users,/checkout,Retention,13696,630,586,34,5.8%,791280,2278952,67028,2.88,56.68%,73,38,34,23,6,48%,6,Variant_B
2026-02-14,CMP-2026-010,Weekend_Flash_Sale,Email,newsletter_email,Promo_Seekers,Static_Image,Desktop,Ulsan,Returning_Visitors,/blog/cvr-guide,Awareness,14113,353,275,17,6.18%,407009,1172303,68959,2.88,57.85%,37,21,17,12,4,39%,6,Control
2026-02-15,CMP-2026-001,Spring_CVR_Boost,Direct,brand_direct,Brand_Terms,Short_Video,Mobile,Seoul,Cart_Abandoners,/blog/cvr-guide,Retention,11730,252,203,13,6.4%,294840,726570,55890,2.46,59.24%,24,15,14,5,4,44%,6,Control
2026-02-16,CMP-2026-002,Remarketing_Checkout,Paid_Social,meta_paid,Lookalike_1pct,Carousel,Desktop,Daegu,VIP_Customers,/pricing,Awareness,12147,304,252,14,5.56%,397328,809494,57821,2.04,62.12%,28,20,19,7,5,49%,5,Control
2026-02-17,CMP-2026-003,Search_Brand_Core,Email,newsletter_email,New_Visitors,Text_Search,Tablet,Gwangju,New_Prospects,/promo/spring,Consideration,12564,446,381,29,7.61%,536984,1732808,59752,3.23,47.35%,53,29,29,13,5,54%,8,Variant_A
2026-02-18,CMP-2026-004,Social_Video_Launch,Referral,review_blog_referral,Retargeting_7d,Product_Feed,Mobile,Gangwon,High_Intent,/checkout,Conversion,12981,415,365,28,7.67%,506715,1727124,61683,3.41,48.96%,53,31,28,14,6,59%,8,Variant_A
2026-02-19,CMP-2026-005,Email_Nurture_Series,Paid_Search,naver_cpc,Cart_Abandoners,Newsletter,Desktop,Busan,Price_Sensitive,/blog/cvr-guide,Retention,13398,623,564,49,8.69%,927024,3117086,63614,3.36,49.23%,89,57,49,25,14,64%,8,Variant_A
2026-02-20,CMP-2026-006,Affiliate_Review_Push,Organic_Search,google_organic,Loyalty_Members,Native_Article,Tablet,Daejeon,Dormant_Users,/pricing,Awareness,13815,539,501,29,5.79%,676445,1900805,65545,2.81,54.99%,57,40,32,12,10,29%,6,Variant_B
2026-02-21,CMP-2026-007,Display_Prospecting,Affiliate,partner_affiliate,Competitor_Terms,Static_Image,Mobile,Jeju,Returning_Visitors,/promo/spring,Consideration,14232,605,472,34,7.2%,769560,2294184,67476,2.98,54.72%,62,34,34,14,6,20%,6,Variant_B
2026-02-22,CMP-2026-008,Loyalty_Winback,Paid_Search,google_cpc,Nonbrand_Generic,Short_Video,Desktop,Gyeonggi,Cart_Abandoners,/checkout,Conversion,14649,835,672,68,10.12%,1285065,4719676,69407,3.67,52.33%,110,68,68,23,16,25%,8,Variant_B
2026-02-23,CMP-2026-009,Product_Demo_Trial,Paid_Social,kakao_paid,Product_Viewers,Text_Search,Tablet,Incheon,VIP_Customers,/blog/cvr-guide,Retention,15066,271,225,13,5.78%,386446,927394,71338,2.4,60.11%,28,18,13,9,4,30%,5,Control
2026-02-24,CMP-2026-010,Weekend_Flash_Sale,Display,programmatic_cpm,Promo_Seekers,Product_Feed,Mobile,Ulsan,New_Prospects,/pricing,Awareness,15483,333,285,11,3.86%,440559,805959,73269,1.83,64.5%,32,22,15,13,4,35%,5,Control
2026-02-25,CMP-2026-001,Spring_CVR_Boost,Paid_Search,google_cpc,Brand_Terms,Newsletter,Tablet,Seoul,High_Intent,/pricing,Awareness,13100,472,415,22,5.3%,750480,1324400,60200,1.76,50.58%,45,23,24,10,4,40%,6,Control
2026-02-26,CMP-2026-002,Remarketing_Checkout,Paid_Social,kakao_paid,Lookalike_1pct,Native_Article,Mobile,Daegu,Price_Sensitive,/promo/spring,Consideration,13517,385,348,19,5.46%,568645,1180489,62131,2.08,52.06%,39,23,22,10,4,45%,6,Variant_A
2026-02-27,CMP-2026-003,Search_Brand_Core,Display,programmatic_cpm,New_Visitors,Static_Image,Desktop,Gwangju,Dormant_Users,/checkout,Conversion,13934,446,415,33,7.95%,612804,2114046,64062,3.45,50.27%,59,38,33,14,9,64%,8,Variant_A
2026-02-28,CMP-2026-004,Social_Video_Launch,Direct,brand_direct,Retargeting_7d,Short_Video,Tablet,Gangwon,Returning_Visitors,/blog/cvr-guide,Retention,14351,509,397,28,7.05%,270279,1847804,65993,6.84,53.23%,54,38,30,15,9,55%,7,Variant_A
2026-03-01,CMP-2026-005,Email_Nurture_Series,Paid_Social,meta_paid,Cart_Abandoners,Carousel,Mobile,Busan,Cart_Abandoners,/pricing,Awareness,14768,576,464,24,5.17%,384768,1630176,67924,4.24,57.56%,57,30,24,20,4,60%,7,Variant_B
2026-03-02,CMP-2026-006,Affiliate_Review_Push,Email,newsletter_email,Loyalty_Members,Text_Search,Desktop,Daejeon,VIP_Customers,/promo/spring,Consideration,15185,752,624,52,8.33%,424880,3632460,69855,8.55,54.84%,86,52,52,15,12,65%,8,Variant_B
2026-03-03,CMP-2026-007,Display_Prospecting,Referral,review_blog_referral,Competitor_Terms,Product_Feed,Tablet,Jeju,New_Prospects,/checkout,Conversion,15602,718,614,52,8.47%,417876,3732872,71786,8.93,56.34%,88,56,52,18,15,16%,8,Variant_B
2026-03-04,CMP-2026-008,Loyalty_Winback,Paid_Search,naver_cpc,Nonbrand_Generic,Native_Article,Mobile,Gyeonggi,High_Intent,/blog/cvr-guide,Retention,16019,465,409,34,8.31%,394785,2506378,73717,6.35,58.27%,60,42,34,14,11,21%,8,Control
2026-03-05,CMP-2026-009,Product_Demo_Trial,Organic_Search,google_organic,Product_Viewers,Static_Image,Desktop,Incheon,Price_Sensitive,/pricing,Awareness,16436,353,319,21,6.58%,217448,1588608,75648,7.31,48.79%,43,22,22,12,4,26%,7,Control
2026-03-06,CMP-2026-010,Weekend_Flash_Sale,Affiliate,partner_affiliate,Promo_Seekers,Short_Video,Tablet,Ulsan,Dormant_Users,/promo/spring,Consideration,16853,421,392,22,5.61%,266493,1706738,77579,6.4,51.85%,50,29,29,17,5,45%,7,Control
2026-03-07,CMP-2026-001,Spring_CVR_Boost,Paid_Search,naver_cpc,Brand_Terms,Carousel,Desktop,Seoul,Returning_Visitors,/promo/spring,Awareness,14470,572,446,25,5.61%,514800,1612750,64510,3.13,53.55%,49,31,25,11,7,36%,7,Variant_A
2026-03-08,CMP-2026-002,Remarketing_Checkout,Organic_Search,google_organic,Lookalike_1pct,Text_Search,Tablet,Daegu,Cart_Abandoners,/checkout,Consideration,14887,476,383,21,5.48%,317492,1395261,66441,4.39,55.43%,43,30,21,11,7,41%,7,Variant_A
2026-03-09,CMP-2026-003,Search_Brand_Core,Affiliate,partner_affiliate,New_Visitors,Product_Feed,Mobile,Gwangju,VIP_Customers,/blog/cvr-guide,Conversion,15304,543,451,35,7.76%,371412,2393020,68372,6.44,53.94%,63,35,35,15,6,46%,8,Variant_A
2026-03-10,CMP-2026-004,Social_Video_Launch,Paid_Search,google_cpc,Retargeting_7d,Newsletter,Desktop,Gangwon,New_Prospects,/pricing,Retention,15721,786,672,54,8.04%,747486,3796362,70303,5.08,55.24%,99,57,54,26,12,51%,8,Variant_B
2026-03-11,CMP-2026-005,Email_Nurture_Series,Paid_Social,kakao_paid,Cart_Abandoners,Native_Article,Tablet,Busan,High_Intent,/promo/spring,Awareness,16138,686,604,31,5.13%,574868,2239254,72234,3.9,61.02%,74,47,42,27,9,56%,6,Variant_B
2026-03-12,CMP-2026-006,Affiliate_Review_Push,Display,programmatic_cpm,Loyalty_Members,Static_Image,Mobile,Daejeon,Price_Sensitive,/checkout,Consideration,16555,762,690,42,6.09%,560070,3114930,74165,5.56,61.37%,79,55,52,17,14,61%,6,Variant_B
2026-03-13,CMP-2026-007,Display_Prospecting,Direct,brand_direct,Competitor_Terms,Carousel,Desktop,Jeju,Dormant_Users,/blog/cvr-guide,Conversion,16972,305,284,25,8.8%,229360,1902400,76096,8.29,45.68%,41,25,25,8,5,26%,8,Control
2026-03-14,CMP-2026-008,Loyalty_Winback,Paid_Social,meta_paid,Nonbrand_Generic,Text_Search,Tablet,Gyeonggi,Returning_Visitors,/pricing,Retention,17389,374,292,22,7.53%,332486,1716594,78027,5.16,49.16%,41,24,22,10,5,17%,8,Control
2026-03-15,CMP-2026-009,Product_Demo_Trial,Email,newsletter_email,Product_Viewers,Product_Feed,Mobile,Incheon,Cart_Abandoners,/promo/spring,Awareness,17806,570,459,33,7.19%,448020,2638614,79958,5.89,51.33%,64,41,33,18,9,22%,7,Control
2026-03-16,CMP-2026-010,Weekend_Flash_Sale,Referral,review_blog_referral,Promo_Seekers,Newsletter,Desktop,Ulsan,VIP_Customers,/checkout,Consideration,18223,519,431,33,7.66%,416757,2702337,81889,6.48,52.38%,63,44,33,19,11,27%,8,Variant_A
2026-03-17,CMP-2026-001,Spring_CVR_Boost,Paid_Social,meta_paid,Brand_Terms,Native_Article,Mobile,Seoul,New_Prospects,/checkout,Awareness,15840,507,433,16,3.7%,476580,1101120,68820,2.31,59.62%,40,21,30,10,3,32%,6,Variant_A
2026-03-18,CMP-2026-002,Remarketing_Checkout,Email,newsletter_email,Lookalike_1pct,Static_Image,Desktop,Daegu,High_Intent,/blog/cvr-guide,Consideration,16257,691,608,43,7.07%,578367,3042293,70751,5.26,56.6%,79,46,46,18,10,37%,7,Variant_A
2026-03-19,CMP-2026-003,Search_Brand_Core,Referral,review_blog_referral,New_Visitors,Short_Video,Tablet,Gwangju,Price_Sensitive,/pricing,Conversion,16674,650,588,42,7.14%,555100,3052644,72682,5.5,58.2%,79,51,42,20,12,42%,7,Variant_B
2026-03-20,CMP-2026-004,Social_Video_Launch,Paid_Search,naver_cpc,Retargeting_7d,Carousel,Mobile,Gangwon,Dormant_Users,/promo/spring,Retention,17091,914,850,60,7.06%,1024594,4476780,74613,4.37,60.02%,117,82,60,33,20,61%,6,Variant_B
2026-03-21,CMP-2026-005,Email_Nurture_Series,Organic_Search,google_organic,Cart_Abandoners,Text_Search,Desktop,Busan,Returning_Visitors,/checkout,Awareness,17508,805,628,34,5.41%,714840,2602496,76544,3.64,50.43%,78,41,36,28,6,52%,7,Variant_B
2026-03-22,CMP-2026-006,Affiliate_Review_Push,Affiliate,partner_affiliate,Loyalty_Members,Newsletter,Tablet,Daejeon,Cart_Abandoners,/blog/cvr-guide,Conversion,17925,323,260,22,8.46%,292315,1726450,78475,5.91,47.86%,36,22,22,6,5,57%,8,Control
2026-03-23,CMP-2026-007,Display_Prospecting,Paid_Search,google_cpc,Competitor_Terms,Native_Article,Mobile,Jeju,VIP_Customers,/pricing,Retention,18342,596,495,38,7.68%,698512,3055428,80406,4.37,50.65%,67,43,38,14,11,62%,8,Control
2026-03-24,CMP-2026-008,Loyalty_Winback,Paid_Social,kakao_paid,Nonbrand_Generic,Static_Image,Desktop,Gyeonggi,New_Prospects,/promo/spring,Awareness,18759,469,401,24,5.99%,496671,1976088,82337,3.98,54.71%,49,34,30,14,8,13%,7,Control
2026-03-25,CMP-2026-009,Product_Demo_Trial,Display,programmatic_cpm,Product_Viewers,Short_Video,Tablet,Incheon,High_Intent,/checkout,Consideration,19176,547,481,33,6.86%,522932,2780844,84268,5.32,55.2%,65,34,33,19,6,18%,7,Variant_A
2026-03-26,CMP-2026-010,Weekend_Flash_Sale,Direct,brand_direct,Promo_Seekers,Carousel,Mobile,Ulsan,Price_Sensitive,/blog/cvr-guide,Conversion,19593,627,567,48,8.47%,610071,4137552,86199,6.78,54.64%,88,51,48,25,11,23%,8,Variant_A
2026-03-27,CMP-2026-001,Spring_CVR_Boost,Paid_Social,kakao_paid,Brand_Terms,Text_Search,Tablet,Seoul,Dormant_Users,/blog/cvr-guide,Consideration,17210,611,568,41,7.22%,678210,2998330,73130,4.42,58.09%,72,46,41,14,11,42%,7,Variant_A
2026-03-28,CMP-2026-002,Remarketing_Checkout,Display,programmatic_cpm,Lookalike_1pct,Product_Feed,Mobile,Daegu,Returning_Visitors,/pricing,Conversion,17627,687,536,34,6.34%,691809,2552074,75061,3.69,61.02%,66,46,34,16,11,33%,6,Variant_B
2026-03-29,CMP-2026-003,Search_Brand_Core,Direct,brand_direct,New_Visitors,Newsletter,Desktop,Gwangju,Cart_Abandoners,/promo/spring,Retention,18044,767,617,40,6.48%,785408,3079680,76992,3.92,48.93%,79,41,43,21,7,38%,7,Variant_B
2026-03-30,CMP-2026-004,Social_Video_Launch,Paid_Social,meta_paid,Retargeting_7d,Native_Article,Tablet,Gangwon,VIP_Customers,/checkout,Awareness,18461,849,705,32,4.54%,985689,2525536,78923,2.56,53.34%,79,46,53,27,7,43%,6,Variant_B
2026-03-31,CMP-2026-005,Email_Nurture_Series,Email,newsletter_email,Cart_Abandoners,Short_Video,Mobile,Busan,New_Prospects,/blog/cvr-guide,Consideration,18878,472,404,27,6.68%,499376,2183058,80854,4.37,52.05%,56,36,27,18,8,48%,7,Control
2026-04-01,CMP-2026-006,Affiliate_Review_Push,Referral,review_blog_referral,Loyalty_Members,Carousel,Desktop,Daejeon,High_Intent,/pricing,Conversion,19295,415,365,29,7.95%,446125,2400765,82785,5.38,51.97%,49,34,29,9,10,53%,8,Control
2026-04-02,CMP-2026-007,Display_Prospecting,Paid_Search,naver_cpc,Competitor_Terms,Text_Search,Tablet,Jeju,Price_Sensitive,/promo/spring,Retention,19712,710,643,50,7.78%,952820,4235800,84716,4.45,53.91%,88,50,50,19,9,58%,8,Control
2026-04-03,CMP-2026-008,Loyalty_Winback,Organic_Search,google_organic,Nonbrand_Generic,Product_Feed,Mobile,Gyeonggi,Dormant_Users,/checkout,Awareness,20129,574,534,27,5.06%,636566,2339469,86647,3.68,59.42%,61,35,34,18,6,77%,7,Variant_A
2026-04-04,CMP-2026-009,Product_Demo_Trial,Affiliate,partner_affiliate,Product_Viewers,Newsletter,Desktop,Incheon,Returning_Visitors,/blog/cvr-guide,Consideration,20546,657,512,39,7.62%,739782,3454542,88578,4.67,57.53%,73,47,39,20,11,14%,8,Variant_A
2026-04-05,CMP-2026-010,Weekend_Flash_Sale,Paid_Search,google_cpc,Promo_Seekers,Native_Article,Tablet,Ulsan,Cart_Abandoners,/pricing,Conversion,20963,975,785,73,9.3%,1358175,6607157,90509,4.86,56.88%,128,90,73,35,24,19%,8,Variant_A
2026-04-06,CMP-2026-001,Spring_CVR_Boost,Organic_Search,google_organic,Brand_Terms,Static_Image,Desktop,Seoul,VIP_Customers,/pricing,Consideration,18580,725,602,44,7.31%,841000,3407360,77440,4.05,47.77%,78,44,44,14,8,24%,7,Variant_B
2026-04-07,CMP-2026-002,Remarketing_Checkout,Affiliate,partner_affiliate,Lookalike_1pct,Short_Video,Tablet,Daegu,New_Prospects,/promo/spring,Conversion,18997,807,690,66,9.57%,949839,5238486,79371,5.52,46.3%,106,66,66,20,15,29%,8,Variant_B
2026-04-08,CMP-2026-003,Search_Brand_Core,Paid_Search,google_cpc,New_Visitors,Carousel,Mobile,Gwangju,High_Intent,/checkout,Retention,19414,1107,974,62,6.37%,1598508,5040724,81302,3.15,52.48%,124,79,62,33,17,34%,7,Variant_B
2026-04-09,CMP-2026-004,Social_Video_Launch,Paid_Social,kakao_paid,Retargeting_7d,Product_Feed,Desktop,Gangwon,Price_Sensitive,/blog/cvr-guide,Awareness,19831,357,323,15,4.64%,475167,1248495,83233,2.63,56.6%,37,26,20,13,5,39%,6,Control
2026-04-10,CMP-2026-005,Email_Nurture_Series,Display,programmatic_cpm,Cart_Abandoners,Newsletter,Tablet,Busan,Dormant_Users,/pricing,Consideration,20248,435,405,22,5.43%,534180,1873608,85164,3.51,57.2%,51,27,28,18,4,58%,7,Control
2026-04-11,CMP-2026-006,Affiliate_Review_Push,Direct,brand_direct,Loyalty_Members,Native_Article,Mobile,Daejeon,Returning_Visitors,/promo/spring,Conversion,20665,517,403,28,6.95%,643665,2438660,87095,3.79,56.77%,51,30,30,10,6,49%,7,Control
2026-04-12,CMP-2026-007,Display_Prospecting,Paid_Social,meta_paid,Competitor_Terms,Static_Image,Desktop,Jeju,Cart_Abandoners,/checkout,Retention,21082,601,484,35,7.23%,830582,3115910,89026,3.75,58.08%,63,40,35,14,10,54%,7,Variant_A
2026-04-13,CMP-2026-008,Loyalty_Winback,Email,newsletter_email,Nonbrand_Generic,Short_Video,Tablet,Gyeonggi,VIP_Customers,/blog/cvr-guide,Awareness,21499,838,696,46,6.61%,1071802,4184022,90957,3.9,60.65%,90,63,46,24,15,59%,6,Variant_A
2026-04-14,CMP-2026-009,Product_Demo_Trial,Referral,review_blog_referral,Product_Viewers,Carousel,Mobile,Incheon,New_Prospects,/pricing,Consideration,21916,778,665,40,6.02%,1008288,3715520,92888,3.68,49.57%,85,44,40,26,7,64%,7,Variant_A
2026-04-15,CMP-2026-010,Weekend_Flash_Sale,Paid_Search,naver_cpc,Promo_Seekers,Text_Search,Desktop,Ulsan,High_Intent,/promo/spring,Conversion,22333,1117,983,93,9.46%,1745871,8818167,94819,5.05,46.46%,163,95,93,43,21,15%,8,Variant_B
2026-04-16,CMP-2026-001,Spring_CVR_Boost,Email,newsletter_email,Brand_Terms,Product_Feed,Mobile,Seoul,Price_Sensitive,/promo/spring,Conversion,19950,988,894,85,9.51%,1314040,6948750,81750,5.29,48.09%,135,86,85,21,24,20%,8,Variant_B
2026-04-17,CMP-2026-002,Remarketing_Checkout,Referral,review_blog_referral,Lookalike_1pct,Newsletter,Desktop,Daegu,Dormant_Users,/checkout,Retention,20367,937,871,72,8.27%,1262139,6025032,83681,4.77,51.52%,124,87,72,25,24,39%,8,Variant_B
2026-04-18,CMP-2026-003,Search_Brand_Core,Paid_Search,naver_cpc,New_Visitors,Static_Image,Tablet,Gwangju,Returning_Visitors,/blog/cvr-guide,Awareness,20784,603,470,33,7.02%,973242,2825196,85612,2.9,54.97%,63,33,33,16,6,30%,6,Control
2026-04-19,CMP-2026-004,Social_Video_Launch,Organic_Search,google_organic,Retargeting_7d,Short_Video,Mobile,Gangwon,Cart_Abandoners,/pricing,Consideration,21201,456,367,17,4.63%,237576,1488231,87543,6.26,60.02%,42,24,19,14,4,35%,6,Control
2026-04-20,CMP-2026-005,Email_Nurture_Series,Affiliate,partner_affiliate,Cart_Abandoners,Carousel,Desktop,Busan,VIP_Customers,/promo/spring,Conversion,21618,540,448,35,7.81%,290520,3131590,89474,10.78,57.27%,67,43,35,20,10,40%,8,Control
2026-04-21,CMP-2026-006,Affiliate_Review_Push,Paid_Search,google_cpc,Loyalty_Members,Text_Search,Tablet,Daejeon,New_Prospects,/checkout,Retention,22035,870,744,53,7.12%,700350,4844465,91405,6.92,59.93%,94,66,53,18,17,45%,7,Variant_A
2026-04-22,CMP-2026-007,Display_Prospecting,Paid_Social,kakao_paid,Competitor_Terms,Product_Feed,Mobile,Jeju,High_Intent,/blog/cvr-guide,Awareness,22452,718,632,28,4.43%,496856,2613408,93336,5.26,51.8%,65,34,44,18,5,50%,7,Variant_A
2026-04-23,CMP-2026-008,Loyalty_Winback,Display,programmatic_cpm,Nonbrand_Generic,Newsletter,Desktop,Gyeonggi,Price_Sensitive,/pricing,Consideration,22869,812,735,46,6.26%,478268,4382282,95267,9.16,50.94%,92,53,55,25,11,55%,7,Variant_A
2026-04-24,CMP-2026-009,Product_Demo_Trial,Direct,brand_direct,Product_Viewers,Native_Article,Tablet,Incheon,Dormant_Users,/promo/spring,Conversion,23286,908,844,66,7.82%,550248,6415068,97198,11.66,50.45%,122,78,66,33,18,74%,8,Variant_B
2026-04-25,CMP-2026-010,Weekend_Flash_Sale,Paid_Social,meta_paid,Promo_Seekers,Static_Image,Mobile,Ulsan,Returning_Visitors,/checkout,Retention,23703,1007,785,54,6.88%,748201,5352966,99129,7.15,53.47%,110,77,54,35,18,65%,7,Variant_B
2026-04-26,CMP-2026-001,Spring_CVR_Boost,Display,programmatic_cpm,Brand_Terms,Short_Video,Tablet,Seoul,Cart_Abandoners,/checkout,Conversion,21320,981,790,65,8.23%,627840,5593900,86060,8.91,53.28%,109,65,65,19,12,16%,8,Variant_B
2026-04-27,CMP-2026-002,Remarketing_Checkout,Direct,brand_direct,Lookalike_1pct,Text_Search,Mobile,Daegu,VIP_Customers,/blog/cvr-guide,Retention,21737,391,325,24,7.38%,256887,2111784,87991,8.22,56.17%,43,25,24,9,6,21%,7,Control
2026-04-28,CMP-2026-003,Search_Brand_Core,Paid_Social,meta_paid,New_Visitors,Product_Feed,Desktop,Gwangju,New_Prospects,/pricing,Awareness,22154,476,407,26,6.39%,377944,2337972,89922,6.19,59.25%,52,33,28,14,7,26%,7,Control
2026-04-29,CMP-2026-004,Social_Video_Launch,Email,newsletter_email,Retargeting_7d,Newsletter,Tablet,Gangwon,High_Intent,/promo/spring,Consideration,22571,722,635,55,8.66%,498902,5051915,91853,10.13,57.78%,97,68,55,25,18,31%,8,Control
2026-04-30,CMP-2026-005,Email_Nurture_Series,Referral,review_blog_referral,Cart_Abandoners,Native_Article,Mobile,Busan,Price_Sensitive,/checkout,Conversion,22988,655,593,38,6.41%,463740,3563792,93784,7.68,49.03%,80,42,38,26,7,36%,7,Variant_A
2026-05-01,CMP-2026-006,Affiliate_Review_Push,Paid_Search,naver_cpc,Loyalty_Members,Static_Image,Desktop,Daejeon,Dormant_Users,/blog/cvr-guide,Retention,23405,1006,936,69,7.37%,980850,6604335,95715,6.73,49.38%,120,70,69,22,16,55%,7,Variant_A
2026-05-02,CMP-2026-007,Display_Prospecting,Organic_Search,google_organic,Competitor_Terms,Short_Video,Tablet,Jeju,Returning_Visitors,/pricing,Awareness,23822,846,660,30,4.55%,627732,2929380,97646,4.67,55.03%,69,44,38,19,8,46%,7,Variant_A
2026-05-03,CMP-2026-008,Loyalty_Winback,Affiliate,partner_affiliate,Nonbrand_Generic,Carousel,Mobile,Gyeonggi,Cart_Abandoners,/promo/spring,Consideration,24239,945,761,45,5.91%,717255,4480965,99577,6.25,54.83%,93,65,48,26,15,51%,7,Variant_B
2026-05-04,CMP-2026-009,Product_Demo_Trial,Paid_Search,google_cpc,Product_Viewers,Text_Search,Desktop,Incheon,VIP_Customers,/checkout,Conversion,24656,1319,1095,96,8.77%,1353294,9744768,101508,7.2,52.52%,170,96,96,43,17,56%,8,Variant_B
2026-05-05,CMP-2026-010,Weekend_Flash_Sale,Paid_Social,kakao_paid,Promo_Seekers,Product_Feed,Tablet,Ulsan,New_Prospects,/blog/cvr-guide,Retention,25073,1153,986,69,7%,1052689,7137291,103439,6.78,56.7%,139,81,74,43,16,61%,7,Variant_B
2026-05-06,CMP-2026-001,Spring_CVR_Boost,Affiliate,partner_affiliate,Brand_Terms,Native_Article,Desktop,Seoul,High_Intent,/blog/cvr-guide,Conversion,22690,408,359,32,8.91%,330480,2891840,90370,8.75,55.73%,52,33,32,9,9,12%,8,Control
2026-05-07,CMP-2026-002,Remarketing_Checkout,Paid_Search,google_cpc,Lookalike_1pct,Static_Image,Tablet,Daegu,Price_Sensitive,/pricing,Retention,4607,150,136,11,8.09%,161550,1015311,92301,6.28,58.57%,19,13,11,4,4,17%,8,Control
2026-05-08,CMP-2026-003,Search_Brand_Core,Paid_Social,kakao_paid,New_Visitors,Short_Video,Mobile,Gwangju,Dormant_Users,/promo/spring,Awareness,5024,126,117,7,5.98%,121464,659624,94232,5.43,49.63%,14,7,7,4,1,36%,7,Control
2026-05-09,CMP-2026-004,Social_Video_Launch,Display,programmatic_cpm,Retargeting_7d,Carousel,Desktop,Gangwon,Returning_Visitors,/checkout,Consideration,5441,155,121,9,7.44%,133455,865467,96163,6.49,49.28%,17,10,9,5,2,27%,7,Variant_A
2026-05-10,CMP-2026-005,Email_Nurture_Series,Direct,brand_direct,Cart_Abandoners,Text_Search,Tablet,Busan,Cart_Abandoners,/blog/cvr-guide,Conversion,5858,187,151,13,8.61%,164186,1275222,98094,7.77,49.35%,24,15,13,7,4,32%,8,Variant_A
2026-05-11,CMP-2026-006,Affiliate_Review_Push,Paid_Social,meta_paid,Loyalty_Members,Product_Feed,Mobile,Daejeon,VIP_Customers,/pricing,Awareness,6275,223,185,7,3.78%,226345,700175,100025,3.09,57.81%,17,12,14,4,2,37%,7,Variant_A
2026-05-12,CMP-2026-007,Display_Prospecting,Email,newsletter_email,Competitor_Terms,Newsletter,Desktop,Jeju,New_Prospects,/promo/spring,Consideration,6692,308,263,18,6.84%,280896,1835208,101956,6.53,55.22%,34,18,18,8,3,42%,7,Variant_B
2026-05-13,CMP-2026-008,Loyalty_Winback,Referral,review_blog_referral,Nonbrand_Generic,Native_Article,Tablet,Gyeonggi,High_Intent,/checkout,Conversion,7109,302,266,19,7.14%,280558,1973853,103887,7.04,56.5%,36,21,19,9,4,47%,7,Variant_B
2026-05-14,CMP-2026-009,Product_Demo_Trial,Paid_Search,naver_cpc,Product_Viewers,Static_Image,Mobile,Incheon,Price_Sensitive,/blog/cvr-guide,Retention,7526,429,388,27,6.96%,513084,2857086,105818,5.57,58.46%,53,34,27,15,8,52%,7,Variant_B
2026-05-15,CMP-2026-010,Weekend_Flash_Sale,Organic_Search,google_organic,Promo_Seekers,Carousel,Desktop,Ulsan,Dormant_Users,/pricing,Awareness,7943,143,133,7,5.26%,137709,754243,107749,5.48,62.54%,17,12,8,6,2,71%,6,Control
2026-05-16,CMP-2026-001,Spring_CVR_Boost,Referral,review_blog_referral,Brand_Terms,Text_Search,Mobile,Seoul,Returning_Visitors,/pricing,Retention,5560,120,94,6,6.38%,117600,568080,94680,4.83,49.07%,11,6,6,2,1,62%,7,Control
2026-05-17,CMP-2026-002,Remarketing_Checkout,Paid_Search,naver_cpc,Lookalike_1pct,Product_Feed,Desktop,Daegu,Cart_Abandoners,/promo/spring,Awareness,5977,215,173,11,6.36%,268105,1062721,96611,3.96,50.8%,22,13,13,5,3,13%,7,Control
2026-05-18,CMP-2026-003,Search_Brand_Core,Organic_Search,google_organic,New_Visitors,Newsletter,Tablet,Gwangju,VIP_Customers,/checkout,Consideration,6394,182,151,10,6.62%,184548,985420,98542,5.34,52.13%,19,12,10,5,3,18%,7,Variant_A
2026-05-19,CMP-2026-004,Social_Video_Launch,Affiliate,partner_affiliate,Retargeting_7d,Native_Article,Mobile,Gangwon,New_Prospects,/blog/cvr-guide,Conversion,6811,218,186,16,8.6%,224758,1607568,100473,7.15,51.06%,29,20,16,7,5,23%,8,Variant_A
2026-05-20,CMP-2026-005,Email_Nurture_Series,Paid_Search,google_cpc,Cart_Abandoners,Static_Image,Desktop,Busan,High_Intent,/pricing,Retention,7228,336,296,27,9.12%,436128,2764908,102404,6.34,52.03%,48,27,27,13,5,28%,8,Variant_A
2026-05-21,CMP-2026-006,Affiliate_Review_Push,Paid_Social,kakao_paid,Loyalty_Members,Short_Video,Tablet,Daejeon,Price_Sensitive,/promo/spring,Awareness,7645,298,270,17,6.3%,353130,1773695,104335,5.02,57.68%,32,19,17,6,4,33%,7,Variant_B
2026-05-22,CMP-2026-007,Display_Prospecting,Display,programmatic_cpm,Competitor_Terms,Carousel,Mobile,Jeju,Dormant_Users,/checkout,Consideration,8062,343,319,15,4.7%,371126,1593990,106266,4.3,61.62%,34,22,22,9,4,52%,6,Variant_B
2026-05-23,CMP-2026-008,Loyalty_Winback,Direct,brand_direct,Nonbrand_Generic,Text_Search,Desktop,Gyeonggi,Returning_Visitors,/blog/cvr-guide,Conversion,8479,390,304,22,7.24%,428610,2380334,108197,5.55,59.76%,41,29,23,10,7,43%,7,Variant_B
2026-05-24,CMP-2026-009,Product_Demo_Trial,Paid_Social,meta_paid,Product_Viewers,Newsletter,Tablet,Incheon,Cart_Abandoners,/pricing,Retention,8896,160,129,8,6.2%,197760,385024,48128,1.95,49.32%,17,9,8,5,1,48%,6,Control
2026-05-25,CMP-2026-010,Weekend_Flash_Sale,Email,newsletter_email,Promo_Seekers,Native_Article,Mobile,Ulsan,VIP_Customers,/promo/spring,Awareness,9313,265,220,13,5.91%,300245,650767,50059,2.17,51.43%,29,17,13,10,3,53%,6,Control
2026-01-01,CMP-2026-001,Spring_CVR_Boost,Direct,brand_direct,Brand_Terms,Static_Image,Tablet,Seoul,New_Prospects,/promo/spring,Retention,6930,173,148,10,6.76%,198950,369900,36990,1.86,51.94%,18,12,10,4,3,58%,6,Control
2026-01-02,CMP-2026-002,Remarketing_Checkout,Paid_Social,meta_paid,Lookalike_1pct,Short_Video,Mobile,Daegu,High_Intent,/checkout,Awareness,7347,209,184,9,4.89%,268983,350289,38921,1.3,56.25%,20,14,12,5,3,63%,6,Variant_A
2026-01-03,CMP-2026-003,Search_Brand_Core,Email,newsletter_email,New_Visitors,Carousel,Desktop,Gwangju,Price_Sensitive,/blog/cvr-guide,Consideration,7764,303,274,22,8.03%,358752,898744,40852,2.51,53.56%,40,22,22,9,4,14%,7,Variant_A
2026-01-04,CMP-2026-004,Social_Video_Launch,Referral,review_blog_referral,Retargeting_7d,Text_Search,Tablet,Gangwon,Dormant_Users,/pricing,Conversion,8181,290,270,22,8.15%,348290,941226,42783,2.7,55.09%,40,23,22,11,5,33%,7,Variant_A
2026-01-05,CMP-2026-005,Email_Nurture_Series,Paid_Search,naver_cpc,Cart_Abandoners,Product_Feed,Mobile,Busan,Returning_Visitors,/promo/spring,Retention,8598,430,335,27,8.06%,631240,1207278,44714,1.91,56.92%,51,33,27,15,8,24%,7,Variant_B
2026-01-06,CMP-2026-006,Affiliate_Review_Push,Organic_Search,google_organic,Loyalty_Members,Newsletter,Desktop,Daejeon,Cart_Abandoners,/checkout,Awareness,9015,383,308,20,6.49%,473005,932900,46645,1.97,60.81%,37,26,20,7,7,29%,5,Variant_B
2026-01-07,CMP-2026-007,Display_Prospecting,Affiliate,partner_affiliate,Competitor_Terms,Native_Article,Tablet,Jeju,VIP_Customers,/blog/cvr-guide,Consideration,9432,434,360,28,7.78%,543368,1360128,48576,2.5,47.11%,49,28,28,10,5,34%,7,Variant_B
2026-01-08,CMP-2026-008,Loyalty_Winback,Paid_Search,google_cpc,Nonbrand_Generic,Short_Video,Mobile,Gyeonggi,New_Prospects,/pricing,Conversion,9849,286,245,18,7.35%,434434,909126,50507,2.09,49.41%,33,19,18,8,4,39%,6,Control
2026-01-09,CMP-2026-009,Product_Demo_Trial,Paid_Social,kakao_paid,Product_Viewers,Carousel,Desktop,Incheon,High_Intent,/promo/spring,Retention,10266,221,194,13,6.7%,310726,681694,52438,2.19,52.02%,26,17,13,8,4,44%,6,Control
2026-01-10,CMP-2026-010,Weekend_Flash_Sale,Display,programmatic_cpm,Promo_Seekers,Text_Search,Tablet,Ulsan,Price_Sensitive,/checkout,Awareness,10683,267,242,11,4.55%,347901,598059,54369,1.72,56.73%,28,20,18,11,4,49%,6,Control
